Id,parameter
0,0.06192558323217899
1,-1.83149523261286
2,0.03158697850982795
3,0.07873759640554082
4,-0.48921409378957503
5,0.003584869912324256
6,-0.00032793480163809775
7,-144.989005559013
8,0.7212388269877464
9,0.6240793674834447
10,0.19316869232854803
