Id,parameter
0,-0.0383017762
1,-1.96256042
2,-0.0630684124
3,0.0295896188
4,0.290379994
5,0.00604713634
6,-0.00108059584
7,1.11961522
8,0.379866241
9,0.33118166
10,0.376873879
