Id,parameter
0,144.8751767915973
1,0.061925583232178914
2,-1.8314952326128604
3,0.03158697850982829
4,0.07873759640554084
5,-0.48921409378957514
6,0.003584869912324266
7,-0.0003279348016380929
8,-144.9890055590131
9,0.7212388269877488
10,0.6240793674834471
11,0.1931686923285479
