Id,parameter
0,144.87517679159623
1,0.06192558323217626
2,-1.8314952326127922
3,0.0315869785098396
4,0.07873759640554231
5,-0.4892140937894713
6,0.0035848699123241716
7,-0.00032793480163824276
8,-144.98900555901204
9,0.7212388269877462
10,0.6240793674834337
11,0.19316869232854805
