Id,coefficients
0,0.061925583
1,-1.831495233
2,0.031586979
3,0.078737596
4,-0.489214094
5,0.00358487
6,-0.000327935
7,-144.9890056
8,0.721238827
9,0.624079367
10,0.193168692
