Id,parameter
0,144.8751768
1,0.061925583
2,-1.831495233
3,0.031586979
4,0.078737596
5,-0.489214094
6,0.00358487
7,-0.000327935
8,-144.9890056
9,0.721238827
10,0.624079367
11,0.193168692
