Id,parameter
0,0.036039047
1,0.114677195
2,-0.009396025
3,0.008371767
4,0.016346643
5,0.000609053
6,0.010103762
7,-0.00103181
8,0.035586017
9,0.129041084
10,0.022127289
11,0.411919747
