Id,parameter
0,1.9850745524679332
1,-0.05182683036705907
2,-1.9268840454840686
3,-0.011789200038746476
4,0.024331727525369076
5,-0.8034405834443076
6,0.004579375760537007
7,-0.0008689148570103053
8,-0.0
9,0.2097448212593842
10,0.40763632062703836
11,0.35732809276697974
