Id,parameter
0,5.879681835453752
1,-0.0022445799161901997
2,-0.18979692577059423
3,0.0007523454165826502
4,0.24558395471758881
5,-0.018692023395512326
6,0.07064452402051545
7,-0.024548646031615613
8,-0.1979398733148687
9,0.06447403636788482
10,0.05860578911092767
11,0.34684212293200206
