Id,parameter
0,144.875176791596
1,0.061925583232175
2,-1.83149523261292
3,0.0315869785098
4,0.078737596405543
5,-0.489214093789626
6,0.003584869912324
7,-0.000327934801638
8,-144.989005559012
9,0.721238826987729
10,0.624079367483462
11,0.193168692328549
