Id,0
0,0.06192558323217465
1,-1.8314952326129197
2,0.03158697850980033
3,0.07873759640554336
4,-0.48921409378962644
5,0.0035848699123236624
6,-0.000327934801637928
7,-144.98900555901247
8,0.7212388269877287
9,0.624079367483462
10,0.19316869232854852
